Measurement Name :,20221024_SDR641_Plate1,,Generated On :,"24/10/2022, 09:34:44",,,Calibration details for Oxygen,,,Report :,"@m01:IDENTIFICATION
Serial number     : SEBX0007000641      
MUX channel       : ON - 01

PARAMETERS
Sig LED current   : 045
Ref LED current   : 095
Frequency         : 060
Sending interval  : 0000
Pulse lenght      : 06
Red REF comp.     : ON
Temperature comp. : ON

FIRMWARE
ver.4.039.A3.ST   : 04/30/07, 09:14:36
@m01:RDY

",,Other Report :,"Start Temperature : 
End Temperature        : 
Start Humidity         : 
End Humidity           : 
Ref.phase Corre        : 1
Dig. Ampl.Factor       : 
Mod. Coarse Freq.      : 
Mod. Fine Freq.        : 
Mod. Shape             : 
Mono or Stero          : 
Phase Shift            : 
Sampling Rate          : 
Temp. Corr Slop Coef   : 
",,,,,,,,,,,,,,,,,
Start Date/Time:,"24/10/2022, 08:52:38",,,,,,Batch No.:  ,PSt5-1624-01_25¡C,,,,,,,,,,,,,,,,,,,,,,,
End Date/Time:,"24/10/2022, 09:34:27",,,,,,O2_cal0 [¡],54.76,,Adjustment at ,100, % air saturation,,,,,,,,,,,,,,,,,,,
User Comment :,0,,Meas. Created By :,admin,,,O2_cal2nd [¡],47.47,,Adjustment at ,27, ¡C,,,,,,,,,,,,,,,,,,,
SDR Serial No. :,S-641,,,,,,O2_T0 [¡C],24.8,,Adjustment at ,965, mbar,,,,,,,,,,,,,,,,,,,
Parameter :,Oxygen [[%] Air Saturation],,,,,,O2_T2nd [¡C],24.8,,,,,,,,,,,,,,,,,,,,,,,
,,,,,,,O2_patm [mbar],965,,,,,,,,,,,,,,,,,,,,,,,
,,,,,,,O2_2nd [% a.s.],100,,,,,,,,,,,,,,,,,,,,,,,
,,,,,,,,,,,,,,,,,,,,,,,,,,,,,,,
,,,,,,,,,,,,,,,,,,,,,,,,,,,,,,,
OPA Phase values  ,,46.71,46.61,46.65,46.68,46.62,46.61,46.71,46.69,46.7,46.78,46.81,46.73,46.62,46.63,46.66,46.73,46.51,46.86,46.68,47.16,46.64,46.7,46.83,46.37,,,,,,
,,,,,,,,,,,,,,,,,,,,,,,,,,,,,,,
Date/Time,Time/Min.,A1,B1,C1,D1,A2,B2,C2,D2,A3,B3,C3,D3,A4,B4,C4,D4,A5,B5,C5,D5,A6,B6,C6,D6,,Tm [¡C],p [mbar],Salinity [g/1000g],T_internal [¡C],Error
24.10.22 08:52:40,0.03,115.72,109.21,97.91,94.65,111.07,98.96,94.78,102.87,108.84,106.43,104.9,119.89,104.35,95.85,111.42,102.12,106.25,101.07,106.36,98.74,104.36,100.15,103.22,93.1,,27,965,36,27.91,965D6-(E1);
24.10.22 08:52:56,0.3,146.1,112.91,111.41,117.88,140.42,123.94,103.94,104.54,126.6,105.5,116.84,112.6,132.42,121.27,109.26,116.07,116.33,112.3,102.41,123.69,114.35,116.17,118.32,101.46,,27,965,36,28.01,965D6-(E1);
24.10.22 08:53:17,0.65,115.4,109.83,91.3,88.22,102.24,87.59,101.81,100.3,104.39,86.2,107.07,96.85,103.6,103.45,85.66,100.45,107.61,100.61,95.98,101.9,101.5,94.19,95.61,79.07,,27,965,36,28.1,965D6-(E1);
24.10.22 08:53:32,0.9,122.25,90.32,100.9,89.96,105.87,96.3,92.42,92.58,110.07,91.77,89.53,100.15,105.71,86.27,95.39,98.35,101.33,93.49,92.29,97.17,99.85,100.15,99.54,85.24,,27,965,36,28.16,965D6-(E1);
24.10.22 08:53:47,1.15,114.77,87.16,101.5,93.91,104.65,92.35,104.24,93.9,106.83,94.59,97.88,100.45,110.14,88.71,94.51,97.9,107.76,98.17,104.53,103.97,98.36,99.25,99.85,88.58,,27,965,36,28.21,965D6-(E1);
24.10.22 08:54:02,1.4,111.33,101.64,108.18,100,118.4,104.95,95.96,89.37,104.54,87.36,97.27,97.6,110.61,105.87,95.98,95.21,102.22,99.39,108.82,101.42,116.54,92.57,93.96,90.27,,27,965,36,28.26,965D6-(E1);
24.10.22 08:54:17,1.65,138.24,116.34,111.1,113.16,134.07,108.75,113.98,113.33,129.54,107.05,112.86,115.12,125.57,108.62,114.23,115.59,108.51,117.25,116.77,120.49,120.18,108.68,124.98,109.14,,27,965,36,28.3,965D6-(E1);
24.10.22 08:54:32,1.9,108.07,99.7,98.06,90.98,96.59,108.14,104.54,91.99,115.7,81.44,86.74,100.15,99.11,89.29,91.14,101.51,109.12,99.39,91.71,95.45,93.79,100,97.87,97.39,,27,965,36,28.35,965D6-(E1);
24.10.22 08:54:47,2.15,150.63,126.19,121.47,106.82,149.13,141.39,132.05,118.21,139.73,110.78,127.73,140.02,143.63,119.21,120.22,133.78,135.99,117.41,136.45,137.47,132.48,124.49,132.45,120.11,,27,965,36,28.4,965D6-(E1);
24.10.22 08:55:02,2.4,128.1,100.75,103.31,93.32,114.95,92.64,85.58,100,109.92,81.58,95.62,96.25,113.23,97.47,102.55,101.21,110.49,96.2,95.53,98.58,105.88,98.65,93.96,79.47,,27,965,36,28.43,965D6-(E1);
24.10.22 08:55:17,2.65,121.77,93.22,104.21,100.15,115.73,100.6,101.36,93.31,117.28,98.94,109.56,98.65,119.82,107.55,99.55,101.97,111.56,95.3,105.29,111.07,105.73,113.97,102.91,89.71,,27,965,36,28.47,965D6-(E1);
24.10.22 08:55:32,2.9,125.65,115.56,110.02,99.85,117.77,104.65,99.25,104.38,107.91,95.19,103.36,111.19,120.46,107.7,96.87,107.63,113.55,101.53,104.83,118.32,112.17,106.99,111.31,93.67,,27,965,36,28.51,965D6-(E1);
24.10.22 08:55:47,3.15,122.9,100.6,101.8,102.11,123.65,106.16,101.36,107.29,118.71,91.77,106.14,104.71,120.77,98.96,108.18,111.66,105.35,99.54,103.01,113.2,110.47,115.54,103.22,95.38,,27,965,36,28.54,965D6-(E1);
24.10.22 08:56:02,3.4,147.31,111.06,115.93,105.6,125.57,110.75,111.17,119.49,125.3,107.82,103.82,118.13,128,107.09,114.85,110.88,122.91,108.36,118.67,116,124.66,116.96,114,102.48,,27,965,36,28.57,965D6-(E1);
24.10.22 08:56:17,3.65,104.54,78.41,84.24,74.21,76.72,86.87,79.73,81.76,95.37,74.36,78.23,83.11,101.19,93.65,84.8,96.1,85.88,84.76,82.34,81.09,87.84,84.16,88.03,70.89,,27,965,36,28.61,965D6-(E1);
24.10.22 08:56:32,3.9,112.57,99.4,101.95,92.59,115.1,106.32,93.74,103.62,104.39,87.07,90.85,91.96,121.89,113.56,92.6,97.45,112.93,101.23,106.36,103.97,98.36,105.15,101.83,96.1,,27,965,36,28.64,965D6-(E1);
24.10.22 08:56:47,4.15,92.27,94.39,90.72,72.97,111.38,92.35,85.72,86.19,107.6,85.91,76.95,101.06,107.54,97.77,87.09,103.94,100.74,90.95,90.98,91.11,93.49,96.56,90.69,84.69,,27,965,36,28.68,965D6-(E1);
24.10.22 08:57:02,4.4,127.28,100,99.55,98.8,117.45,96.15,98.5,96.12,115.38,97.43,95.02,106.24,110.3,105.42,91.58,105.63,110.34,104.15,109.59,100,112.79,108.22,105.22,87.75,,27,965,36,28.68,965D6-(E1);
24.10.22 08:57:17,4.65,109.46,92.64,98.66,97.46,113.39,99.7,107.46,90.24,100.75,81.01,93.08,95.51,102.24,98.81,90.12,100.75,105.8,86.96,91.27,96.39,105.27,101.66,93.66,88.58,,27,965,36,28.72,965D6-(E1);
24.10.22 08:57:32,4.9,126.95,100.45,92.61,85.2,114.01,114.78,95.81,95.23,113.66,94.29,89.53,103.79,92.34,104.96,98.66,92.55,105.65,101.07,106.21,97.48,107.4,97.01,98.63,94.1,,27,965,36,28.76,965D6-(E1);
24.10.22 08:57:47,5.15,119.21,89.02,111.1,104.23,122.21,110.59,101.96,102.26,104.08,95.48,104.44,113.54,114.32,91.32,107.72,107.16,109.88,102.3,98.8,125.72,108.47,113.5,107.71,96.96,,27,965,36,28.78,965D6-(E1);
24.10.22 08:58:02,5.4,144.89,112.76,112.65,98.8,128.98,109.98,109.31,103.02,118.71,84.32,111.13,107.78,119.66,104.81,99.85,104.71,125.93,99.24,110.36,111.89,112.95,117.12,112.1,107.06,,27,965,36,28.8,965D6-(E1);
24.10.22 08:58:17,5.65,108.54,87.3,97.02,87.06,114.32,99.7,84.14,81.05,99.85,103.05,95.77,98.05,111.69,98.36,81.53,95.21,100.15,101.53,97.16,104.61,97.62,105.91,97.87,76.63,,27,965,36,28.83,965D6-(E1);
24.10.22 08:58:32,5.9,119.85,117.59,112.96,104.38,128.33,114,102.72,102.26,135.01,104.58,115.4,109.95,124.77,107.39,108.18,118.93,121.49,119.19,110.52,122.17,125.47,111.47,103.99,90.69,,27,965,36,28.86,965D6-(E1);
24.10.22 08:58:47,6.15,105.77,102.99,107.41,94.2,118.4,95.71,107.15,104.54,111.94,86.78,88.5,97.15,124.61,90.73,93.92,101.51,118.04,93.94,96.57,98.9,110.01,98.2,99.09,85.1,,27,965,36,28.88,965D6-(E1);
24.10.22 08:59:02,6.4,124.51,108.45,100,96.57,123.49,117.12,116.66,109.75,118.55,87.36,92.78,107.32,122.85,117.31,113.29,109.79,124.98,106.01,110.21,115.5,113.11,112.87,109.74,102.04,,27,965,36,28.9,965D6-(E1);
24.10.22 08:59:17,6.65,133.71,78.27,95.99,88.65,131.92,97.18,93.89,108.06,117.44,90.74,88.06,118.61,110.91,93.06,96.87,106.24,109.88,101.69,90.25,102.38,106.03,102.87,99.85,82.34,,27,965,36,28.93,965D6-(E1);
24.10.22 08:59:32,6.9,120.48,109.83,103.76,98.5,135.39,100.3,113.36,114.11,119.51,101.37,103.21,110.57,126.38,103.15,109.26,105.01,110.79,114.69,104.23,110.1,117.17,118.07,105.22,91.82,,27,965,36,28.97,965D6-(E1);
24.10.22 08:59:47,7.15,126.79,88.73,103,74.76,111.99,92.64,100.9,92.87,105.91,95.78,91.3,99.4,108.92,101.65,80.12,99.4,112.63,92.89,100.15,91.73,102.1,96.26,96.36,80.29,,27,965,36,28.97,965D6-(E1);
24.10.22 09:00:02,7.4,112.11,81.77,87.1,60.92,103.9,95.12,87.75,86.62,104.69,80.87,90.41,88.01,100,85.99,79.98,96.7,102.07,89.32,85.48,90.65,94.23,93.6,88.03,75.29,,27,965,36,29.01,965D6-(E1);
24.10.22 09:00:17,7.65,116.03,85.87,93.93,77.41,128.33,103.14,103.48,88.5,120.46,98.34,96.52,93.29,117.61,98.81,86.95,98.8,108.21,87.11,95.83,102.06,105.27,102.41,90.69,84.41,,27,965,36,29.04,965D6-(E1);
24.10.22 09:00:32,7.9,111.64,103.14,93.05,79.09,112.77,102.69,103.02,98.2,108.68,87.36,95.92,100.75,109.68,100.3,91.58,116.7,105.65,106.33,93.17,113.2,110.78,96.12,91.28,85.38,,27,965,36,29.07,965D6-(E1);
24.10.22 09:00:47,8.15,123.06,115.24,98.96,90.54,134.9,107.84,109.93,105.76,119.98,111.1,116.84,112.44,121.73,101.5,106.19,114.64,120.39,114.05,111.45,114.02,119.39,117.91,103.83,99.42,,27,965,36,29.1,965D6-(E1);
24.10.22 09:01:02,8.4,126.95,108.91,100,84.77,114.32,87.3,107.3,97.61,118.55,99.55,96.82,100.45,120.77,100,92.89,103.18,115.09,101.23,99.7,115.67,113.42,107.29,96.06,86.35,,27,965,36,29.13,965D6-(E1);
24.10.22 09:01:17,8.65,124.51,97.48,92.9,84.91,128.82,101.49,116.35,102.71,118.07,92.21,105.67,114.49,120.14,88.14,94.22,106.55,116.02,98.32,109.59,103.17,119.86,98.05,106,84.96,,27,965,36,29.15,965D6-(E1);
24.10.22 09:01:32,8.9,127.93,97.04,92.9,84.19,123.81,105.25,107.15,100.9,118.87,94.44,103.67,116.07,124.13,92.33,94.51,98.05,125.29,94.84,111.45,104.61,113.26,97.6,99.09,86.07,,27,965,36,29.18,965D6-(E1);
24.10.22 09:01:47,9.15,144.03,94.1,91.01,66.14,136.06,110.75,98.05,99.1,122.71,80.01,93.68,104.4,109.22,100.45,83.8,98.8,119.45,100.77,89.38,96.39,106.64,104.39,90.09,81.52,,27,965,36,29.21,965D6-(E1);
24.10.22 09:02:02,9.4,113.98,89.89,92.32,67.23,129.79,89.17,94.18,84.18,117.6,94.59,96.07,99.25,111.38,84.56,84.23,89.03,107.61,90.95,88.8,100.79,102.25,107.14,83.36,73.28,,27,965,36,29.24,965D6-(E1);
24.10.22 09:02:17,9.65,132.22,104.2,102.1,78.39,137.39,101.64,108.84,125.6,120.62,104.58,103.36,110.57,131.43,93.94,105.59,114.64,118.82,102.76,106.97,102.7,115.6,118.39,103.68,89.57,,27,965,36,29.26,965D6-(E1);
24.10.22 09:02:32,9.9,120.01,107.08,106.49,72.69,110.14,103.14,92.86,106.52,110.23,96.08,93.97,89.47,119.98,87.85,77.46,93.29,107.46,87.7,84.05,101.9,99.7,101.66,85.25,71.29,,27,965,36,29.29,965D6-(E1);
24.10.22 09:02:47,10.15,124.03,89.02,94.81,79.37,121.57,114.46,97.3,105.6,124.16,96.38,105.36,111.66,123.17,91.75,92.75,116.38,110.49,98.32,98.06,98.27,111.25,105.3,91.43,80.56,,27,965,36,29.32,965D6-(E1);
24.10.22 09:03:02,10.4,144.21,99.26,107.56,81.35,126.38,118.7,98.5,94.34,121.1,98.94,108.47,116.7,125.57,90.44,94.51,107.32,127.53,104,112.07,101.58,131.17,111.94,95.31,95.53,,27,965,36,29.35,965D6-(E1);
24.10.22 09:03:17,10.65,113.36,92.2,95.25,68.45,111.99,97.18,84.72,89.8,102.87,86.34,84.27,101.51,107.54,80.6,77.88,87.14,104.3,94.54,89.96,91.88,97.17,103.78,75.91,66.56,,27,965,36,29.38,965D6-(E1);
24.10.22 09:03:32,10.9,134.38,100.89,97.32,69.4,126.71,108.45,100,105.76,104.69,96.23,104.59,106.09,120.14,86.56,98.95,111.66,115.86,109.14,109.74,110.1,112.17,115.54,94.86,83.03,,27,965,36,29.4,965D6-(E1);
24.10.22 09:03:47,11.15,114.61,97.92,103,76.15,119.35,99.7,96.86,101.96,116.33,79.3,100,103.49,115.1,87.7,101.35,110.26,105.2,105.08,102.56,110.42,121.77,99.1,92.32,80.02,,27,965,36,29.43,965D6-(E1);
24.10.22 09:04:02,11.4,122.73,90.46,98.06,62.25,118.24,87.59,82.57,101.35,117.91,86.2,94.27,95.95,117.77,89.72,77.6,95.36,122.12,97.72,100.45,97.48,110.01,99.55,81.63,79.07,,27,965,36,29.49,965D6-(E1);
24.10.22 09:04:17,11.65,131.56,96.15,99.25,75.74,127.68,109.52,107.61,112.39,112.87,94.59,106.29,102.88,122.05,107.7,104.67,107.47,118.82,101.38,104.23,110.26,122.25,109.3,90.69,87.33,,27,965,36,29.53,965D6-(E1);
24.10.22 09:04:32,11.9,138.41,102.39,132.85,78.95,144.49,115.56,110.7,116.95,124.49,93.7,109.88,104.71,142.28,119.52,113.76,106.39,137.81,116.45,114.1,117.32,135.3,122.55,100.61,88.03,,27,965,36,29.58,965D6-(E1);
24.10.22 09:04:47,12.15,135.89,91.48,104.67,66.82,134.4,115.56,102.26,111.46,135.01,97.89,97.73,107.01,126.38,106.02,100.9,110.73,120.39,113.57,101.2,105.73,118.28,119.03,108.64,87.89,,27,965,36,29.6,965D6-(E1);
24.10.22 09:05:02,12.4,128.1,95.86,97.02,75.74,138.23,112.76,102.87,105.14,126.76,95.19,98.33,100,134.07,99.55,83.09,109.02,128.34,108.36,106.51,109.45,123.69,114.28,87.15,85.93,,27,965,36,29.63,965D6-(E1);
24.10.22 09:05:17,12.65,120.32,87.01,87.39,54.35,117.93,97.92,86.3,98.65,110.38,77.17,79.8,99.55,115.57,90.3,79,95.21,105.8,91.1,91.56,94.2,107.1,90.81,74.78,67.99,,27,965,36,29.66,965D6-(E1);
24.10.22 09:05:32,12.9,135.72,102.84,111.88,74.07,131.27,120.75,111.64,112.08,122.23,102.89,103.82,108.4,138.73,101.95,97.02,106.7,129.47,109.14,105.6,101.42,121.93,127.25,87.44,90.69,,27,965,36,29.72,965D6-(E1);
24.10.22 09:05:47,13.15,140.45,100.75,103,69.13,143.12,113.69,101.05,111.61,124.81,90.15,104.75,112.91,124.45,88.71,99.4,117.02,145.36,100.61,108.05,114.84,120.66,96.86,90.69,80.43,,27,965,36,29.74,965D6-(E1);
24.10.22 09:06:02,13.4,125.49,72.75,70.86,36.52,95.71,83.88,83,76.69,105.3,60.1,83.54,78.7,99.11,78.36,57.32,80.97,98.82,70.48,77.97,78.41,96.29,82.16,59.34,61.26,,27,965,36,29.79,965D6-(E1);
24.10.22 09:06:17,13.65,141.81,102.24,106.8,64.13,126.87,114.46,112.26,106.21,124.65,86.78,92.78,112.29,136.23,100.9,91.87,105.63,118.82,104.62,110.21,110.1,126.76,122.07,95.76,80.84,,27,965,36,29.82,965D6-(E1);
24.10.22 09:06:32,13.9,111.79,93.81,102.1,55.13,123.65,104.05,95.37,112.08,116.96,87.36,93.38,98.2,130.45,93.65,90.71,98.65,110.64,94.09,95.38,100.95,112.79,100.3,82.64,71.29,,27,965,36,29.86,965D6-(E1);
24.10.22 09:06:47,14.15,111.17,96.89,88.54,40.23,109.84,88.59,100.45,95.53,115.07,75.9,79.66,87.14,112.15,79.76,87.67,86.85,109.27,92.89,92.44,91.73,119.7,91.54,83.94,76.77,,27,965,36,29.89,965D6-(E1);
24.10.22 09:07:02,14.4,136.22,99.11,93.93,52.4,131.76,99.26,93.15,94.79,122.23,88.83,108.47,101.97,132.91,95.85,91.29,107.01,116.48,107.73,86.49,101.74,122.73,102.72,84.52,75.15,,27,965,36,29.93,965D6-(E1);
24.10.22 09:07:17,14.65,131.22,91.19,95.99,49.44,131.6,98.22,105.61,102.41,113.5,93.25,94.42,97.6,126.06,107.09,103.61,101.81,122.59,97.56,97.61,104.77,109.86,99.7,92.77,79.34,,27,965,36,29.97,965D6-(E1);
24.10.22 09:07:32,14.9,115.4,78.69,89.99,40.85,114.32,95.86,98.2,90.09,123.68,83.16,95.02,91.96,119.5,96.14,85.08,95.51,115.55,86.67,83.91,106.38,110.63,90.52,72.81,74.22,,27,965,36,30.01,965D6-(E1);
24.10.22 09:07:47,15.15,157.71,94.83,90.13,59.99,141.43,106.62,98.2,103.32,129.71,85.76,92.93,100.3,137.06,89.58,94.22,108.71,129.31,93.64,100.75,104.45,120.66,93.16,79.47,69.04,,27,965,36,30.04,965D6-(E1);
24.10.22 09:08:02,15.4,115.24,73.71,82.97,35.66,117.14,100,97,85.61,111.47,69.63,89.82,90.78,113.7,82.29,87.95,86.42,111.1,86.81,86.34,98.42,108.47,98.5,78.04,64.22,,27,965,36,30.08,965D6-(E1);
24.10.22 09:08:17,15.65,113.04,91.62,82.82,42.73,120.77,101.79,88.04,90.53,121.91,98.04,82.24,88.59,102.39,88.42,86.66,103.33,117.57,85.35,78.39,96.07,111.4,96.56,81.34,70.1,,27,965,36,30.11,965D6-(E1);
24.10.22 09:08:32,15.9,129.08,101.94,94.96,45.5,133.08,113.84,99.7,104.99,127.25,92.06,87.76,95.81,123.17,82.72,85.66,92.69,114.47,97.87,93.76,109.45,120.66,110.85,92.92,76.9,,27,965,36,30.15,965D6-(E1);
24.10.22 09:08:47,16.15,135.22,76.88,79.16,33.1,117.45,92.06,84.86,93.75,119.35,74.92,93.38,97.9,122.69,85.27,86.66,86.27,109.42,87.84,85.2,81.24,117.65,104.24,73.51,64.61,,27,965,36,30.21,965D6-(E1);
24.10.22 09:09:02,16.4,111.33,89.45,91.59,37.88,110.14,98.22,92.71,84.18,103.78,74.5,86.74,75.61,122.85,82.58,81.96,87.72,107.15,90.95,83.2,89.42,107.4,91.84,70.85,62.54,,27,965,36,30.24,965D6-(E1);
24.10.22 09:09:17,16.65,136.05,109.06,101.95,49.06,137.73,112.14,108.38,106.52,124.81,98.79,102.75,105.93,130.61,102.1,101.65,104.86,125.93,108.36,97.16,110.91,123.69,103.78,91.43,71.16,,27,965,36,30.26,965D6-(E1);
24.10.22 09:09:32,16.9,150.45,97.63,111.1,52.02,138.06,110.75,109,109.29,123.68,96.38,120.54,104.71,126.71,111.23,97.61,121.97,128.5,120.81,91.42,113.2,138.14,124.65,86.71,86.07,,27,965,36,30.32,965D6-(E1);
24.10.22 09:09:47,17.15,111.64,89.6,79.16,27.67,125.41,90.75,82.57,83.75,109.14,73.1,77.38,80.26,118.71,88.42,77.88,91.52,113.55,90.21,80.36,89.11,108.47,107.14,70.85,64.87,,27,965,36,30.35,965D6-(E1);
24.10.22 09:10:02,17.4,115.09,94.83,84.67,36.77,127.52,98.96,100.3,99.85,121.1,76.61,89.38,98.5,129.14,87.13,83.23,105.63,115.24,102.76,83.91,110.26,119.86,101.96,72.67,67.34,,27,965,36,30.39,965D6-(E1);
24.10.22 09:10:17,17.65,119.69,81.35,83.53,35.78,110.76,90.75,85.87,88.06,118.39,70.73,93.68,85.55,114.01,81.45,79.7,100.15,105.8,87.4,75.46,93.58,111.71,94.78,70.99,61,,27,965,36,30.41,965D6-(E1);
24.10.22 09:10:32,17.9,115.72,76.74,84.53,36.15,104.96,84.03,81.29,86.33,107.45,74.36,79.09,75.61,117.93,85.27,74.82,91.52,118.04,82.29,81.21,98.74,103.45,90.96,78.19,50.43,,27,965,36,30.46,965D6-(E1);
24.10.22 09:10:47,18.15,139.6,81.91,80.56,32.25,115.42,91.62,94.04,89.8,115.54,88.83,85.57,98.95,123.81,80.74,73.85,88.01,111.71,99.39,92.88,93.74,110.78,104.39,73.94,59.47,,27,965,36,30.5,965D6-(E1);
24.10.22 09:11:02,18.4,124.51,77.44,94.96,39.11,130.94,100.75,80.16,86.47,125.95,74.92,97.27,93.43,123.17,86.84,81.25,107.32,124.5,94.24,95.83,98.9,126.76,103.32,76.62,69.44,,27,965,36,30.53,965D6-(E1);
24.10.22 09:11:17,18.65,141.81,91.91,101.8,36.64,142.11,115.56,111.02,100.6,119.67,98.34,109.09,102.72,127.19,83.28,84.94,99.1,124.5,105.24,99.4,114.84,130.18,106.83,84.38,65.39,,27,965,36,30.57,965D6-(E1);
24.10.22 09:11:32,18.9,120.32,95.42,93.93,34.07,122.21,102.99,103.48,95.23,116.65,87.8,92.93,104.4,126.06,102.7,92.31,109.95,121.02,95.75,91.85,109.61,123.05,98.05,80.33,65.26,,27,965,36,30.61,965D6-(E1);
24.10.22 09:11:47,19.15,120.81,94.98,89.41,28.15,118.08,104.35,98.05,88.64,121.26,65.37,94.72,80.97,118.56,81.87,81.67,97.9,112.78,88.58,92,96.7,111.86,99.7,70.71,58.32,,27,965,36,30.65,965D6-(E1);
24.10.22 09:12:02,19.4,120.16,78.83,95.1,18.6,130.28,99.55,84.43,92.73,121.1,85.62,92.48,82.11,109.84,84.7,76.48,89.47,114.94,81.86,82.34,98.27,112.79,102.87,64.36,63.57,,27,965,36,30.68,965D6-(E1);
24.10.22 09:12:17,19.65,140.79,105.25,110.64,40.98,151.39,109.52,107.61,109.91,149.35,91.18,101.37,102.88,133.08,97.77,95.1,123.91,142.82,100.31,90.69,112.05,126.76,121.42,90.09,73.01,,27,965,36,30.71,965D6-(E1);
24.10.22 09:12:32,19.9,112.26,88.59,88.11,31.52,121.09,90.75,93.59,96.42,110.54,72.68,93.08,89.61,108.76,79.06,76.9,93.29,120.07,96.65,83.05,93.58,109.55,99.25,71.13,51.42,,27,965,36,30.74,965D6-(E1);
24.10.22 09:12:47,20.15,141.64,88.16,74.15,32.85,110.61,97.77,99.1,99.85,122.39,79.87,95.77,86.42,130.12,89.14,78.58,90.2,115.09,92.59,82.91,102.54,117.17,100.75,75.06,65.65,,27,965,36,30.76,965D6-(E1);
24.10.22 09:13:02,20.4,128.42,82.89,83.96,25.05,139.24,95.42,111.64,84.03,129.22,78.02,92.63,92.99,115.57,85.7,81.39,96.85,113.7,101.07,86.63,103.33,121.45,101.2,74.92,58.45,,27,965,36,30.78,965D6-(E1);
24.10.22 09:13:17,20.65,128.59,79.25,85.38,24.34,124.13,83.04,88.33,87.63,99.4,61.17,91.59,83.97,108.92,70.1,90.56,93.58,119.13,80.56,75.04,94.83,109.7,93.31,64.09,59.6,,27,965,36,30.79,965D6-(E1);
24.10.22 09:13:32,20.9,142.66,95.12,94.07,31.04,123.65,96.89,111.02,101.96,125.95,93.55,101.52,103.18,136.39,97.92,86.8,111.35,126.09,100.15,91.56,106.7,130.84,108.22,81.77,78.39,,27,965,36,30.82,965D6-(E1);
24.10.22 09:13:47,21.15,139.26,105.1,94.22,31.88,137.23,106.16,106.38,108.36,114.76,79.58,92.04,98.5,130.94,92.77,93.33,95.21,128.82,91.25,89.52,106.7,130.67,110.69,75.63,65.13,,27,965,36,30.83,965D6-(E1);
24.10.22 09:14:02,21.4,113.67,86.59,94.51,28.03,130.45,106.92,93,91.41,128.4,71.15,96.82,86.56,124.93,83.85,76.07,98.65,130.44,87.55,82.63,94.05,122.41,98.65,72.11,66.95,,27,965,36,30.83,965D6-(E1);
24.10.22 09:14:17,21.65,139.09,88.88,81.55,29.47,132.58,107.53,100.75,85.18,122.55,74.92,90.26,91.22,128.65,78.64,85.66,97.6,137.15,85.93,84.77,96.39,115.92,98.8,74.5,64.61,,27,965,36,30.86,965D6-(E1);
24.10.22 09:14:32,21.9,100,71.12,80.14,21.87,114.01,93.95,80.3,87.48,107.14,65.64,81.24,82.96,114.63,80.74,65.95,85.69,110.49,81.28,74.76,77.67,115.13,95.97,60.29,50.43,,27,965,36,30.86,965D6-(E1);
24.10.22 09:14:47,22.15,134.21,81.91,91.15,35.91,134.23,108.45,93.74,97.76,126.44,86.64,105.06,90.05,117.3,86.7,77.6,107.47,129.79,89.02,89.96,94.36,127.25,104.08,77.9,62.93,,27,965,36,30.88,965D6-(E1);
24.10.22 09:15:02,22.4,127.44,88.88,83.53,24.1,139.91,97.77,96.26,100.9,124.16,71.29,93.38,88.3,122.05,99.25,75.79,93.73,128.18,85.35,87.78,94.98,116.39,90.96,67.52,55.54,,27,965,36,30.9,965D6-(E1);
24.10.22 09:15:17,22.65,126.95,92.93,86.67,27.07,132.25,107.99,108.07,107.59,147.96,89.85,96.37,95.95,126.38,82.01,81.25,107.63,131.57,86.23,84.05,111.73,122.89,101.66,77.47,68.91,,27,965,36,30.9,965D6-(E1);
24.10.22 09:15:32,22.9,117.14,68.95,66.92,23.87,122.37,89.6,75.38,80.91,109.92,62.93,79.95,79.41,116.98,74.21,77.6,82.96,101.92,67.83,78.25,88.2,103,91.98,60.02,50.06,,27,965,36,30.9,965D6-(E1);
24.10.22 09:15:47,23.15,129.08,93.51,91.15,26.12,122.05,107.99,101.81,97.16,116.65,77.88,89.67,98.5,134.56,86.27,76.07,92.55,127.86,85.79,77.27,102.86,128.22,96.26,66.28,59.6,,27,965,36,30.91,965D6-(E1);
24.10.22 09:16:02,23.4,113.83,73.71,79.72,26,121.89,81.63,80.58,79.35,112.41,69.76,87.62,81.25,118.71,80.74,75.09,92.4,117.42,78.98,79.52,91.42,115.76,88.77,65.87,45.65,,27,965,36,30.93,965D6-(E1);
24.10.22 09:16:17,23.65,124.51,80.92,79.72,23.75,126.54,83.04,84.57,86.91,120.3,69.76,77.52,79.12,125.25,77.53,74.13,81.39,122.75,79.26,77.69,87.13,111.25,89.79,68.21,53.04,,27,965,36,30.96,965D6-(E1);
24.10.22 09:16:32,23.9,129.08,88.3,80.14,29.59,135.06,101.19,84.86,90.53,122.87,72.12,90.11,85.26,121.25,68.61,57.58,95.06,117.11,78.98,76.99,102.22,110.94,93.45,70.3,45.16,,27,965,36,30.94,965D6-(E1);
24.10.22 09:16:47,24.15,115.4,66.93,72.5,16.74,126.06,89.6,81.72,71.84,110.54,66.87,78.8,77.99,121.89,72.15,62.33,76.17,112.78,74.27,82.34,90.49,112.02,87.76,54.53,47.6,,27,965,36,30.97,965D6-(E1);
24.10.22 09:17:02,24.4,137.23,94.39,96.88,44.24,149.82,100.15,101.66,104.38,133.51,78.73,98.18,88.88,135.39,85.13,73.3,103.79,133.53,94.69,99.4,106.05,125.95,112.25,77.19,67.73,,27,965,36,30.97,965D6-(E1);
24.10.22 09:17:17,24.65,140.45,82.19,82.54,33.95,127.03,107.84,95.22,89.95,128.72,73.52,97.73,93.29,130.61,75.17,92.6,104.25,125.93,82.58,89.67,114.51,126.6,95.52,68.08,54.41,,27,965,36,30.99,965D6-(E1);
24.10.22 09:17:32,24.9,136.05,84.88,83.67,29.35,129.3,101.49,110.55,101.35,127.58,76.89,96.22,82.11,127.03,78.09,85.37,98.95,134.35,86.23,90.25,89.88,136.8,99.85,80.05,63.57,,27,965,36,30.97,965D6-(E1);
24.10.22 09:17:47,25.15,117.93,74.12,91.01,30.79,126.22,106.16,87.89,84.03,122.55,69.63,84.12,75.05,126.38,76.7,78.02,80.97,122.75,85.06,73.1,96.23,113.26,95.08,61.1,46.62,,27,965,36,31,965D6-(E1);
24.10.22 09:18:02,25.4,115.24,76.74,71,26.6,125.57,94.24,90.8,91.55,107.29,66.19,80.66,68.83,115.57,73.79,73.85,91.22,104,76.26,77.83,83.8,113.11,82.88,60.02,50.31,,27,965,36,30.99,965D6-(E1);
24.10.22 09:18:17,25.65,122.9,75.09,75.95,26.72,121.89,93.81,85.72,85.61,119.19,67.42,82.96,77.29,121.73,72.97,69.33,88.45,119.45,74.98,74.35,90.8,120.66,92.72,59.61,50.31,,27,965,36,30.97,
24.10.22 09:18:32,25.9,122.73,74.67,75.12,26.6,121.57,93.81,85.58,85.04,119.03,67.01,82.53,76.73,121.73,72.7,68.92,88.16,119.13,74.42,74.07,90.8,120.34,91.84,59.21,49.69,,27,965,36,30.96,
24.10.22 09:18:47,26.15,122.41,74.12,74.57,26.48,121.41,93.51,85.15,84.32,118.55,66.6,82.24,75.47,121.57,72.29,68.51,87.87,118.98,73.85,73.52,90.49,120.18,90.96,58.81,48.95,,27,965,36,30.9,
24.10.22 09:19:02,26.4,122.57,73.58,74.02,26.6,120.93,93.37,84.86,83.75,118.71,66.46,82.1,74.91,121.41,71.88,68.24,87.43,119.13,73.29,73.38,90.65,120.02,90.08,58.67,48.71,,27,965,36,30.83,
24.10.22 09:19:17,26.65,122.09,72.89,73.46,26.24,121.25,93.08,84.57,83.18,118.71,66.6,81.81,74.63,121.41,72.15,67.97,87.58,118.82,73.99,73.38,93.12,121.77,89.21,61.51,52.17,,27,965,36,30.79,
24.10.22 09:19:32,26.9,122.25,72.62,72.78,26.12,121.41,93.08,84.29,82.89,118.71,66.46,81.81,74.07,121.57,71.6,68.11,87.14,118.98,73.29,73.52,92.65,121.93,89.06,61.1,52.17,,27,965,36,30.74,
24.10.22 09:19:47,27.15,122.09,71.8,72.23,26,121.09,92.64,83.86,82.18,118.55,66.05,81.24,73.52,121.41,70.92,67.57,87.14,118.98,72.86,72.83,92.65,121.93,88.19,60.42,51.67,,27,965,36,30.69,
24.10.22 09:20:02,27.4,122.25,71.66,71.82,26,121.25,92.79,83.43,81.76,118.71,66.19,80.95,73.1,121.41,70.51,67.7,87.14,119.13,72.44,72.83,92.5,122.09,87.76,60.29,51.42,,27,965,36,30.65,
24.10.22 09:20:17,27.65,122.25,71.12,71.41,25.76,121.25,92.49,82.71,81.19,118.39,65.78,80.37,72.82,121.41,70.24,67.57,86.71,118.98,72.02,72.42,92.19,121.93,87.18,59.88,51.42,,27,965,36,30.63,
24.10.22 09:20:32,27.9,122.09,70.71,70.86,25.76,121.25,92.06,82.43,80.48,118.55,65.51,79.8,71.99,121.89,69.7,67.43,86.13,119.13,71.46,71.87,91.73,122.09,86.75,59.34,51.3,,27,965,36,30.61,
24.10.22 09:20:47,28.15,122.25,70.44,70.45,26,121.25,92.2,81.72,80.48,118.71,65.37,79.23,72.27,121.89,69.7,67.43,86.42,119.13,71.18,71.32,91.73,122.25,86.17,59.07,50.93,,27,965,36,30.58,
24.10.22 09:21:02,28.4,122.25,69.9,70.04,25.88,121.41,91.77,81.29,79.78,118.87,64.96,78.8,71.99,121.89,69.56,67.02,86.27,118.98,70.34,71.18,91.57,122.25,85.6,58.81,50.55,,27,965,36,30.55,
24.10.22 09:21:17,28.65,122.41,69.9,69.91,25.76,121.73,91.48,80.58,79.92,119.03,64.96,78.52,71.85,121.89,69.15,67.02,85.98,119.29,69.92,71.04,91.57,122.57,84.88,58.4,50.43,,27,965,36,30.54,
24.10.22 09:21:32,28.9,121.93,69.22,69.36,25.53,120.93,90.75,79.31,79.07,118.87,64.42,78.09,71.16,122.05,68.61,66.22,85.84,118.98,69.36,70.36,90.8,122.25,84.59,57.73,49.94,,27,965,36,30.53,
24.10.22 09:21:47,29.15,122.25,69.08,69.23,25.64,121.41,90.61,78.6,79.07,119.03,64.15,77.81,71.03,121.89,68.34,66.62,86.13,119.13,69.22,70.08,91.26,122.57,84.02,57.87,49.81,,27,965,36,30.51,
24.10.22 09:22:02,29.4,122.09,68.68,68.95,25.41,121.09,90.32,77.2,78.51,118.71,63.6,77.52,70.47,122.05,67.94,66.49,85.69,118.82,68.39,70.08,90.96,121.93,83.45,57.33,48.83,,27,965,36,30.5,
24.10.22 09:22:17,29.65,121.93,68.14,68.82,25.41,121.09,90.03,76.36,78.09,118.87,63.47,76.67,70.2,122.05,67.4,65.95,85.84,118.66,67.97,69.95,90.96,122.09,82.88,57.06,48.58,,27,965,36,30.47,
24.10.22 09:22:32,29.9,122.09,68.14,68.68,25.41,121.25,89.89,75.52,77.81,118.87,63.33,76.95,70.2,122.21,67.67,65.81,85.84,118.82,67.97,69.54,90.96,122.41,82.45,56.93,48.95,,27,965,36,30.46,
24.10.22 09:22:47,30.15,121.77,67.47,68.28,25.41,121.09,89.45,74.55,77.53,118.55,62.66,76.39,69.79,121.89,67.13,65.54,85.84,118.51,67.42,68.72,90.8,122.09,81.6,56.53,48.58,,27,965,36,30.44,
24.10.22 09:23:02,30.4,122.09,67.6,68.41,25.41,120.77,89.45,73.85,77.81,119.03,62.52,76.39,69.79,122.05,66.86,65.01,85.69,118.51,67.14,68.86,90.96,122.41,81.88,56.4,48.58,,27,965,36,30.46,
24.10.22 09:23:17,30.65,121.93,67.06,68.01,24.93,121.09,89.17,72.74,77.53,118.55,61.85,75.68,69.1,121.57,66.32,64.34,85.26,118.51,66.45,68.58,90.49,121.93,80.89,56.13,48.21,,27,965,36,30.44,
24.10.22 09:23:32,30.9,122.09,66.79,68.01,25.17,121.25,89.17,71.91,77.39,118.71,61.71,75.4,68.96,122.05,66.46,63.93,84.97,118.35,66.45,68.45,90.19,122.25,81.03,55.73,48.46,,27,965,36,30.43,
24.10.22 09:23:47,31.15,122.09,66.66,67.87,25.17,120.93,88.88,71.22,77.39,118.71,61.17,75.12,68.55,121.89,66.19,63.67,84.54,118.04,65.9,67.9,89.73,122.41,80.46,55.6,48.09,,27,965,36,30.43,
24.10.22 09:24:02,31.4,121.93,66.26,67.73,25.17,121.09,88.59,70.54,76.97,118.55,60.77,74.84,68.28,121.89,65.92,63.27,84.4,118.2,65.62,67.5,89.11,121.77,79.75,55.06,47.85,,27,965,36,30.41,
24.10.22 09:24:17,31.65,122.09,65.99,67.46,25.05,120.77,88.45,70.13,76.69,118.55,60.5,74.41,68.01,122.05,65.65,63,84.54,118.2,65.35,67.36,88.66,122.41,79.47,54.67,47.6,,27,965,36,30.4,
24.10.22 09:24:32,31.9,122.09,65.59,67.06,24.7,120.77,88.16,69.3,76.27,118.23,60.23,74.13,67.32,121.89,65.25,62.6,84.4,118.04,65.21,67.09,88.5,121.93,79.05,54,47.36,,27,965,36,30.4,
24.10.22 09:24:47,32.15,121.93,65.46,66.66,24.81,121.09,87.87,69.03,76.27,118.23,59.56,73.43,66.78,121.89,65.12,62.33,84.4,117.73,64.93,66.96,88.04,122.25,78.63,53.87,47.23,,27,965,36,30.38,
24.10.22 09:25:02,32.4,121.93,64.92,66.39,24.81,121.09,87.87,68.35,75.71,118.07,59.43,73.01,66.37,121.89,64.45,62.07,84.4,117.73,64.25,67.23,87.74,121.93,78.21,53.34,46.62,,27,965,36,30.38,
24.10.22 09:25:17,32.65,121.93,64.79,66.12,24.7,120.61,87.59,67.8,75.71,118.23,59.3,73.01,66.1,122.05,64.31,61.93,84.11,117.57,64.38,66.82,87.43,122.09,77.92,52.95,46.62,,27,965,36,30.36,
24.10.22 09:25:32,32.9,122.09,64.39,66.12,24.81,120.93,87.44,67.26,75.57,118.23,59.03,72.87,65.96,122.05,64.18,61.93,84.11,117.57,63.97,66.28,87.13,122.41,77.78,52.81,46.74,,27,965,36,30.36,
24.10.22 09:25:47,33.15,121.93,63.72,65.85,24.7,120.61,87.3,66.44,75.29,117.91,58.49,72.17,65.83,121.89,63.91,61.67,83.82,117.73,63.84,66.28,86.83,122.25,77.22,52.29,46.74,,27,965,36,30.36,
24.10.22 09:26:02,33.4,121.93,63.46,65.44,24.46,120.93,87.3,65.77,74.6,118.07,58.36,72.17,65.56,121.89,63.51,61.27,83.68,117.42,63.43,66.01,86.67,122.09,77.08,51.76,46.26,,27,965,36,30.35,
24.10.22 09:26:17,33.65,121.93,63.19,65.58,24.46,120.46,86.73,65.5,74.74,117.91,57.83,71.89,65.15,121.89,63.12,61.14,83.97,117.11,62.88,65.87,86.98,122.25,76.8,51.37,46.13,,27,965,36,30.33,
24.10.22 09:26:32,33.9,121.93,62.8,65.44,24.46,120.77,86.73,64.82,74.32,117.76,57.3,71.75,64.34,121.89,62.72,61,83.25,117.11,62.88,65.34,86.83,121.93,75.96,50.58,46.13,,27,965,36,30.33,
24.10.22 09:26:47,34.15,121.77,62.53,65.04,24.46,120.61,86.59,64.55,74.32,117.44,57.03,71.61,63.93,121.57,62.72,60.61,83.11,117.26,62.74,64.93,86.52,121.45,75.27,50.71,45.89,,27,965,36,30.33,
24.10.22 09:27:02,34.4,121.93,62.27,64.91,24.22,120.46,86.44,64.15,73.91,117.44,56.63,71.33,63.53,121.89,62.19,60.21,82.96,117.26,62.2,64.8,86.22,121.45,75.27,50.06,45.65,,27,965,36,30.33,
24.10.22 09:27:17,34.65,121.77,61.87,64.64,24.22,120.46,86.3,63.74,73.63,117.28,56.1,71.05,63.26,121.57,61.79,59.95,82.39,116.95,61.65,64.66,86.37,121.93,74.85,50.06,45.77,,27,965,36,30.3,
24.10.22 09:27:32,34.9,121.77,61.34,64.24,24.34,120.3,86.02,63.2,73.49,117.28,55.57,70.64,62.72,121.73,61.26,59.81,82.25,116.95,61.79,64.39,86.67,122.09,74.85,49.4,45.77,,27,965,36,30.3,
24.10.22 09:27:47,35.15,121.77,61.21,64.11,24.22,120.14,86.02,62.8,73.21,116.96,55.44,70.5,62.05,121.73,61,59.42,81.82,116.64,61.24,64.39,86.67,121.13,74.29,49.4,45.4,,27,965,36,30.3,
24.10.22 09:28:02,35.4,121.93,60.95,63.84,24.1,120.14,86.02,62.8,72.94,117.12,55.18,70.36,61.52,121.89,60.73,58.76,81.54,117.11,61.11,64.39,86.67,121.61,74.16,49.01,45.52,,27,965,36,30.29,
24.10.22 09:28:17,35.65,121.93,60.68,63.7,23.99,120.3,85.73,62.27,72.66,116.96,54.91,70.08,61.25,121.57,60.2,58.76,81.54,116.48,60.7,64.13,86.52,121.29,74.02,48.75,45.4,,27,965,36,30.29,
24.10.22 09:28:32,35.9,121.77,60.29,63.17,23.99,120.3,85.59,61.86,72.25,116.96,54.25,69.39,60.85,121.89,59.94,58.37,80.97,116.64,60.43,63.86,86.67,121.61,73.6,48.36,45.04,,27,965,36,30.29,
24.10.22 09:28:47,36.15,121.61,60.03,63.04,24.1,120.3,85.45,61.33,71.7,116.96,54.12,69.25,60.71,121.89,59.55,58.23,80.97,116.48,60.43,63.72,86.98,121.61,73.46,48.1,44.92,,27,965,36,30.28,
24.10.22 09:29:02,36.4,121.77,59.63,62.77,23.87,119.98,85.3,60.8,71.29,116.96,53.73,68.7,60.45,121.41,59.42,57.97,80.54,116.48,60.16,63.59,86.52,121.45,73.32,47.84,44.8,,27,965,36,30.28,
24.10.22 09:29:17,36.65,121.77,59.37,62.64,23.87,119.82,85.16,60.13,71.01,116.96,53.33,68.56,60.05,121.57,59.15,57.84,80.54,116.48,59.89,63.59,86.52,121.29,72.63,47.84,44.31,,27,965,36,30.26,
24.10.22 09:29:32,36.9,121.61,58.98,62.11,23.63,120.14,84.88,59.47,70.46,116.65,52.94,68.01,59.78,121.41,58.63,57.84,79.83,115.71,59.62,63.19,86.52,121.29,72.36,47.19,44.07,,27,965,36,30.26,
24.10.22 09:29:47,37.15,121.45,58.58,61.71,23.63,119.82,85.02,59.07,70.46,116.65,52.68,67.59,59.65,121.25,58.37,57.71,79.41,116.17,59.08,62.92,86.83,121.29,72.36,47.19,44.07,,27,965,36,30.25,
24.10.22 09:30:02,37.4,121.61,58.19,61.31,23.51,119.82,84.88,58.67,70.19,116.33,52.28,67.18,59.25,121.09,57.84,57.58,79.27,115.71,59.08,62.92,86.67,121.45,72.36,46.8,43.58,,27,965,36,30.24,
24.10.22 09:30:17,37.65,121.45,57.93,61.05,23.63,119.82,84.59,57.88,69.92,116.33,51.63,66.49,58.98,121.41,57.71,57.45,78.7,115.86,58.94,62.92,86.67,121.29,71.94,46.93,43.34,,27,965,36,30.24,
24.10.22 09:30:32,37.9,121.45,57.54,60.78,23.63,119.98,84.59,57.62,69.64,116.33,51.5,66.08,58.58,121.41,57.45,57.05,78.7,115.86,58.4,62.79,86.52,120.97,71.81,46.67,43.22,,27,965,36,30.22,
24.10.22 09:30:47,38.15,121.13,57.02,60.52,23.28,119.35,84.45,56.96,69.1,116.02,51.11,65.81,58.32,121.25,57.06,56.79,78.28,115.71,57.86,62.79,86.37,120.97,71.67,45.9,43.22,,27,965,36,30.22,
24.10.22 09:31:02,38.4,121.29,56.63,60.38,23.51,119.66,84.31,56.69,69.1,116.02,50.59,65.26,58.05,121.25,56.8,56.92,77.85,115.4,57.73,62.52,86.07,120.97,71.39,46.03,42.62,,27,965,36,30.19,
24.10.22 09:31:17,38.65,121.13,56.37,60.12,23.4,119.66,83.88,56.3,68.69,115.7,50.33,64.58,57.39,121.25,56.41,56.53,77.71,115.4,57.59,62.25,86.07,120.66,71.26,45.77,42.5,,27,965,36,30.18,
24.10.22 09:31:32,38.9,120.97,55.72,59.99,23.4,119.35,83.6,55.77,68.28,115.54,49.81,64.17,57,121.25,56.28,56.53,77.57,115.4,57.46,62.12,86.22,120.66,70.84,45.9,42.5,,27,965,36,30.18,
24.10.22 09:31:47,39.15,120.65,55.46,59.72,23.28,119.19,83.32,55.12,67.73,115.38,49.68,63.62,56.47,120.93,55.76,56.53,76.87,114.78,56.92,61.45,85.61,120.82,70.43,45.25,41.66,,27,965,36,30.15,
24.10.22 09:32:02,39.4,120.81,54.95,59.33,23.28,119.35,83.18,54.99,67.06,115.54,49.42,62.94,56.34,120.93,55.63,56.4,76.73,114.78,56.79,61.45,85.76,120.34,70.29,44.86,41.54,,27,965,36,30.14,
24.10.22 09:32:17,39.65,120.65,54.56,59.33,23.28,119.03,82.61,54.46,66.78,115.23,49.03,62.54,55.81,120.46,55.24,56.27,76.31,115.09,56.52,61.45,85.31,120.18,70.16,44.61,41.54,,27,965,36,30.13,
24.10.22 09:32:32,39.9,120.65,54.3,59.33,23.16,119.03,82.33,54.2,66.51,115.23,48.51,61.99,55.42,120.77,55.24,56.4,76.03,114.63,56.52,61.19,85.16,120.82,69.75,44.35,41.66,,27,965,36,30.1,
24.10.22 09:32:47,40.15,120.48,53.78,59.07,23.04,118.87,82.05,53.81,66.11,115.23,47.99,61.59,54.76,120.93,54.85,56.14,75.61,114.47,56.12,61.19,85.16,120.18,69.88,43.96,41.3,,27,965,36,30.1,
24.10.22 09:33:02,40.4,120.32,53.53,58.67,23.28,118.87,81.91,53.55,65.97,114.91,47.86,61.18,54.11,120.46,54.59,56.14,75.19,114.47,55.85,60.79,85.01,120.34,69.47,43.71,41.18,,27,965,36,30.08,
24.10.22 09:33:17,40.65,120.32,53.01,58.28,23.04,118.87,81.35,53.03,65.16,114.91,47.48,60.91,53.71,120.3,54.2,55.88,75.05,114.16,55.58,60.79,84.4,120.18,69.34,43.45,40.82,,27,965,36,30.07,
24.10.22 09:33:32,40.9,120.16,52.76,58.15,22.92,118.4,80.78,52.64,65.03,114.76,46.96,60.24,53.06,120.46,54.07,55.75,75.05,114.01,55.45,60.39,84.4,120.02,69.2,42.81,40.7,,27,965,36,30.04,
24.10.22 09:33:47,41.15,120.01,52.37,58.15,22.81,118.4,80.78,52.38,64.89,114.76,46.7,59.84,52.67,120.3,53.69,55.88,74.49,114.01,55.32,60.26,84.25,120.5,69.06,42.68,40.46,,27,965,36,30.01,
24.10.22 09:34:02,41.4,119.85,51.99,57.75,22.69,118.24,80.36,51.99,64.49,114.91,46.32,59.3,52.28,120.14,53.69,55.75,74.21,113.86,55.05,59.86,84.1,119.86,68.52,42.43,40.46,,27,965,36,30.01,
24.10.22 09:34:17,41.65,119.85,51.48,57.62,22.81,118.24,80.08,51.73,64.36,114.6,45.93,59.16,51.89,120.3,53.3,55.75,74.35,113.86,54.52,59.07,83.95,120.34,68.38,42.17,40.22,,27,965,36,29.97,